optimizer,activation function,loss function,epoch,learning rate,network shape,min training loss,min testing loss,accuracy,precision,recall,f1,time
full_adam,sigmoid,sigmoid,1000,0.005,"[30, 10, 1]",1.7976931348623157e+308,1.7976931348623157e+308,0.9602649006622516,0.95625,0.9329268292682928,0.9444444444444444,39.2743992000469
mini_adam,sigmoid,sigmoid,1000,0.005,"[30, 10, 1]",1.7976931348623157e+308,1.7976931348623157e+308,0.9911699779249448,0.9938271604938271,0.9817073170731707,0.9877300613496932,40.345388903981075
